<?xml version="1.0" encoding="UTF-8" standalone="yes"?>
<addon id="repository.pobretv" name="Repositório pobre.tv" version="1.0.0" provider-name="Pobre.tv">
	<extension point="xbmc.addon.repository" name="Repositório pobre.tv">
		<info compressed="false">https://raw.githubusercontent.com/pobretv/kodi/main/addons.xml</info>
		<checksum>https://raw.githubusercontent.com/pobretv/kodi/main/addons.xml.md5</checksum>
		<datadir zip="true">https://raw.githubusercontent.com/pobretv/kodi/main/repository/</datadir>
	</extension>
	<extension point="xbmc.addon.metadata">
		<summary>Repositório pobre.tv</summary>
		<description>Repositório oficial para poder facilmente instalar o addon video do pobre.tv</description>
		<disclaimer></disclaimer>
		<platform>all</platform>
	</extension>
</addon>